{
  "baseNavigation": {
    "navigation": {
      "lists": [
        {
          "availableListViews": [
            "list"
          ],
          "items": [
          ]
        }
      ]
    }
  },

  "stations": {
    "radrocksrvfm": [
      {
        "title": "Radio Rockserwis FM (MP3)",
        "uri": "webrocksrv/0",
        "url": "http://stream9.nadaje.com:8002/live"
      },
	  {
        "title": "Radio Rockserwis FM (AAC)",
        "uri": "webrocksrv/1",
        "url": "http://stream9.nadaje.com:8002/live.aac"
      }
	 ]
  }
}
